"","Cluster","Variable","Estimate","Std. Error","z value","Pr(>|z|)","Covariate","BH_adjusted_pvalue_global"
"KRD_nGoatsWghtDist.3000m.sum","Dolo(1) clust","KRD_nGoatsWghtDist.3000m.sum",0.0786256411018287,0.0454007795457777,1.73181257873668,0.0833069377961644,"KRD_nGoatsWghtDist.3000m.sum",0.307594847247376
"KRD_nCowsWghtDist.3000m.sum","Dolo(1) clust","KRD_nCowsWghtDist.3000m.sum",0.035766362141024,0.0340302971065361,1.05101527703543,0.293251573434557,"KRD_nCowsWghtDist.3000m.sum",0.627039198063437
"KRD_nPoultryWghtDist.3000m.sum","Dolo(1) clust","KRD_nPoultryWghtDist.3000m.sum",-0.000341663271451331,0.000258904365065825,-1.31965048702236,0.186951738232431,"KRD_nPoultryWghtDist.3000m.sum",0.509145159441515
"KRD_nPigsWghtDist.3000m.sum","Dolo(1) clust","KRD_nPigsWghtDist.3000m.sum",-0.00218920824685917,0.00360954859802268,-0.606504715869021,0.544179651767014,"KRD_nPigsWghtDist.3000m.sum",0.813227758268143
"ecoli_RF_preds","Dolo(1) clust","ecoli_RF_preds",-0.00895778562760921,0.195024427742611,-0.0459316083184795,0.963364760960362,"ecoli_RF_preds",0.994975655570498
"staph_RF_preds","Dolo(1) clust","staph_RF_preds",0.0132462175963011,0.109516949241525,0.120951301949513,0.903729607328705,"staph_RF_preds",0.994975655570498
"tetw_RF_preds","Dolo(1) clust","tetw_RF_preds",-0.0126812919984761,0.165155089779913,-0.0767841428040477,0.93879526570165,"tetw_RF_preds",0.994975655570498
"meca_RF_preds","Dolo(1) clust","meca_RF_preds",-0.0241900462835304,0.157884139126661,-0.153213910006021,0.878229588586801,"meca_RF_preds",0.994975655570498
"KRD_nGoatsWghtDist.3000m.sum1","Cor(3) clust","KRD_nGoatsWghtDist.3000m.sum",-0.0180979662755532,0.0591815364848551,-0.305804265155984,0.759753680824747,"KRD_nGoatsWghtDist.3000m.sum",0.956542339136731
"KRD_nCowsWghtDist.3000m.sum1","Cor(3) clust","KRD_nCowsWghtDist.3000m.sum",-0.0056920282941089,0.0453637046803269,-0.125475384654318,0.900147211211727,"KRD_nCowsWghtDist.3000m.sum",0.994975655570498
"KRD_nPoultryWghtDist.3000m.sum1","Cor(3) clust","KRD_nPoultryWghtDist.3000m.sum",8.52460199980813e-05,0.000336237490436129,0.253529194164249,0.799859304227591,"KRD_nPoultryWghtDist.3000m.sum",0.978171887972596
"KRD_nPigsWghtDist.3000m.sum1","Cor(3) clust","KRD_nPigsWghtDist.3000m.sum",-0.000117928541690044,0.00481093065632026,-0.0245126255426521,0.980443713014871,"KRD_nPigsWghtDist.3000m.sum",0.994975655570498
"ecoli_RF_preds1","Cor(3) clust","ecoli_RF_preds",-0.0143571852160309,0.261591897508583,-0.05488390639301,0.956230953390138,"ecoli_RF_preds",0.994975655570498
"staph_RF_preds1","Cor(3) clust","staph_RF_preds",-0.109592511935996,0.146646794831682,-0.74732292691282,0.45486865636496,"staph_RF_preds",0.733388230712836
"tetw_RF_preds1","Cor(3) clust","tetw_RF_preds",-0.0709264643439259,0.221313990444081,-0.320478900595517,0.748605322493723,"tetw_RF_preds",0.946473117438031
"meca_RF_preds1","Cor(3) clust","meca_RF_preds",0.0854330632982435,0.210112849657095,0.406605609498281,0.684297676611402,"meca_RF_preds",0.91836522416012
"KRD_nGoatsWghtDist.3000m.sum2","Mor(5) clust","KRD_nGoatsWghtDist.3000m.sum",0.0019427843945571,0.0645620514453034,0.0300917388940624,0.975993889156621,"KRD_nGoatsWghtDist.3000m.sum",0.994975655570498
"KRD_nCowsWghtDist.3000m.sum2","Mor(5) clust","KRD_nCowsWghtDist.3000m.sum",-0.00556982187147832,0.0478520689660808,-0.116396678175533,0.907338167932925,"KRD_nCowsWghtDist.3000m.sum",0.994975655570498
"KRD_nPoultryWghtDist.3000m.sum2","Mor(5) clust","KRD_nPoultryWghtDist.3000m.sum",-0.000222403701080759,0.000370234991022751,-0.600709566825065,0.548033445942687,"KRD_nPoultryWghtDist.3000m.sum",0.813227758268143
"KRD_nPigsWghtDist.3000m.sum2","Mor(5) clust","KRD_nPigsWghtDist.3000m.sum",0.00169781272213281,0.00500590447292974,0.339162029821787,0.734487671584552,"KRD_nPigsWghtDist.3000m.sum",0.940144219628226
"ecoli_RF_preds2","Mor(5) clust","ecoli_RF_preds",0.166616795880952,0.279602206762371,0.59590658389387,0.551237634642738,"ecoli_RF_preds",0.813227758268143
"staph_RF_preds2","Mor(5) clust","staph_RF_preds",0.212338445728222,0.160069008708788,1.32654314186781,0.184659854952867,"staph_RF_preds",0.506495602156436
"tetw_RF_preds2","Mor(5) clust","tetw_RF_preds",0.239374747173125,0.243710013077689,0.982211375520374,0.325995724562748,"tetw_RF_preds",0.627039198063437
"meca_RF_preds2","Mor(5) clust","meca_RF_preds",0.179893902240127,0.225986896896324,0.796036870768916,0.42601060512074,"meca_RF_preds",0.724525184428405
"KRD_nGoatsWghtDist.3000m.sum3","Staph(2) clust","KRD_nGoatsWghtDist.3000m.sum",-0.0782700451050371,0.0621160946701585,-1.26006062552157,0.20764749288621,"KRD_nGoatsWghtDist.3000m.sum",0.521154491949704
"KRD_nCowsWghtDist.3000m.sum3","Staph(2) clust","KRD_nCowsWghtDist.3000m.sum",0.0414637718152755,0.0424121163320675,0.977639773753166,0.328252518482323,"KRD_nCowsWghtDist.3000m.sum",0.627039198063437
"KRD_nPoultryWghtDist.3000m.sum3","Staph(2) clust","KRD_nPoultryWghtDist.3000m.sum",5.24178667002832e-05,0.000327157412630847,0.160222158131045,0.872706075210621,"KRD_nPoultryWghtDist.3000m.sum",0.994975655570498
"KRD_nPigsWghtDist.3000m.sum3","Staph(2) clust","KRD_nPigsWghtDist.3000m.sum",-0.00467512912410039,0.00468107566080365,-0.998729664475826,0.317925666357966,"KRD_nPigsWghtDist.3000m.sum",0.627039198063437
"ecoli_RF_preds3","Staph(2) clust","ecoli_RF_preds",-0.141166846069002,0.247132285012031,-0.571219766216015,0.56785068106924,"ecoli_RF_preds",0.825964627009804
"staph_RF_preds3","Staph(2) clust","staph_RF_preds",-0.11604705666279,0.139342607562144,-0.83281817882614,0.404947280615645,"staph_RF_preds",0.719906276650036
"tetw_RF_preds3","Staph(2) clust","tetw_RF_preds",-0.11676720485811,0.207173554227857,-0.563620223118271,0.573012620757021,"tetw_RF_preds",0.827206189363519
"meca_RF_preds3","Staph(2) clust","meca_RF_preds",-0.161621947883968,0.200884490693868,-0.804551647196435,0.421078454283412,"meca_RF_preds",0.724525184428405
"KRD_nGoatsWghtDist.3000m.sum4","Mor(47) clust","KRD_nGoatsWghtDist.3000m.sum",-0.0579949554597929,0.173557437266975,-0.334154251025164,0.738263164062536,"KRD_nGoatsWghtDist.3000m.sum",0.941837392026623
"KRD_nCowsWghtDist.3000m.sum4","Mor(47) clust","KRD_nCowsWghtDist.3000m.sum",-0.118603722685282,0.131679771112439,-0.900698123054971,0.367748846919319,"KRD_nCowsWghtDist.3000m.sum",0.675812144856991
"KRD_nPoultryWghtDist.3000m.sum4","Mor(47) clust","KRD_nPoultryWghtDist.3000m.sum",0.000710352448956981,0.000729001333874388,0.97441858601507,0.329848744814621,"KRD_nPoultryWghtDist.3000m.sum",0.627039198063437
"KRD_nPigsWghtDist.3000m.sum4","Mor(47) clust","KRD_nPigsWghtDist.3000m.sum",0.0118953843706681,0.0116443013550967,1.02156273767868,0.30698790135437,"KRD_nPigsWghtDist.3000m.sum",0.627039198063437
"ecoli_RF_preds4","Mor(47) clust","ecoli_RF_preds",0.219387909233997,0.686500926624856,0.319574090471524,0.749291217971775,"ecoli_RF_preds",0.946473117438031
"staph_RF_preds4","Mor(47) clust","staph_RF_preds",0.366920117543345,0.397803871584545,0.922364370366274,0.35633854803126,"staph_RF_preds",0.663497475685644
"tetw_RF_preds4","Mor(47) clust","tetw_RF_preds",0.0967949354203217,0.587746224697564,0.164688315046395,0.869189314635994,"tetw_RF_preds",0.994975655570498
"meca_RF_preds4","Mor(47) clust","meca_RF_preds",0.53051720184666,0.571081392942677,0.928969510130601,0.352904887703433,"meca_RF_preds",0.661051106722528
"KRD_nGoatsWghtDist.3000m.sum5","Strep(23)/Strep(8) clust","KRD_nGoatsWghtDist.3000m.sum",-0.285670243101145,0.24052830514657,-1.18767827731155,0.234960185183151,"KRD_nGoatsWghtDist.3000m.sum",0.553868651050158
"KRD_nCowsWghtDist.3000m.sum5","Strep(23)/Strep(8) clust","KRD_nCowsWghtDist.3000m.sum",-0.339808277593645,0.158964111572544,-2.13764147285894,0.032545853016916,"KRD_nCowsWghtDist.3000m.sum",0.214692942678187
"KRD_nPoultryWghtDist.3000m.sum5","Strep(23)/Strep(8) clust","KRD_nPoultryWghtDist.3000m.sum",-0.000108450388894995,0.00100862514294195,-0.107522987756054,0.914374089444562,"KRD_nPoultryWghtDist.3000m.sum",0.994975655570498
"KRD_nPigsWghtDist.3000m.sum5","Strep(23)/Strep(8) clust","KRD_nPigsWghtDist.3000m.sum",0.0248841164226869,0.0110836605935904,2.24511714451787,0.0247606132643323,"KRD_nPigsWghtDist.3000m.sum",0.194042357010278
"ecoli_RF_preds5","Strep(23)/Strep(8) clust","ecoli_RF_preds",-0.27332262592984,0.724924431832442,-0.377036024622515,0.706146833356297,"ecoli_RF_preds",0.922808828515427
"staph_RF_preds5","Strep(23)/Strep(8) clust","staph_RF_preds",-0.438105696331688,0.407117759144067,-1.0761154149914,0.281875642408582,"staph_RF_preds",0.627039198063437
"tetw_RF_preds5","Strep(23)/Strep(8) clust","tetw_RF_preds",-0.469404868787909,0.583836931138822,-0.803999959153486,0.421396998599725,"tetw_RF_preds",0.724525184428405
"meca_RF_preds5","Strep(23)/Strep(8) clust","meca_RF_preds",-0.545735891570943,0.582762493217646,-0.936463650153143,0.349034519604858,"meca_RF_preds",0.657006154550321
"KRD_nGoatsWghtDist.3000m.sum6","Cor(7) clust","KRD_nGoatsWghtDist.3000m.sum",-0.0953950977896401,0.0983681993333955,-0.969775785630895,0.332158265122051,"KRD_nGoatsWghtDist.3000m.sum",0.628319082792452
"KRD_nCowsWghtDist.3000m.sum6","Cor(7) clust","KRD_nCowsWghtDist.3000m.sum",-0.0491371192319312,0.0726304283572319,-0.676536271963741,0.49870022484498,"KRD_nCowsWghtDist.3000m.sum",0.781636270777438
"KRD_nPoultryWghtDist.3000m.sum6","Cor(7) clust","KRD_nPoultryWghtDist.3000m.sum",0.00102467215203014,0.000430278859927223,2.38141411874953,0.0172463116642166,"KRD_nPoultryWghtDist.3000m.sum",0.161526431196566
"KRD_nPigsWghtDist.3000m.sum6","Cor(7) clust","KRD_nPigsWghtDist.3000m.sum",0.00243308490183364,0.00714797835183196,0.340387838641126,0.733564475869074,"KRD_nPigsWghtDist.3000m.sum",0.940144219628226
"ecoli_RF_preds6","Cor(7) clust","ecoli_RF_preds",0.284744558401222,0.406536776815442,0.7004152505752,0.483668014889094,"ecoli_RF_preds",0.764314887725975
"staph_RF_preds6","Cor(7) clust","staph_RF_preds",0.166264318109805,0.229661343443689,0.723954304267019,0.469093789377885,"staph_RF_preds",0.74743574739049
"tetw_RF_preds6","Cor(7) clust","tetw_RF_preds",0.286866900601628,0.350959446041825,0.817379055719849,0.413711841007568,"tetw_RF_preds",0.724525184428405
"meca_RF_preds6","Cor(7) clust","meca_RF_preds",0.149709099113033,0.325556923214198,0.459855369177736,0.645620037149555,"meca_RF_preds",0.904810563012515
"KRD_nGoatsWghtDist.3000m.sum7","Cor(28) clust","KRD_nGoatsWghtDist.3000m.sum",0.303606090730468,0.164172723833014,1.84930896949286,0.064413211327146,"KRD_nGoatsWghtDist.3000m.sum",0.265964227415313
"KRD_nCowsWghtDist.3000m.sum7","Cor(28) clust","KRD_nCowsWghtDist.3000m.sum",-0.313569351642819,0.192361223439669,-1.63010686891979,0.103078912237325,"KRD_nCowsWghtDist.3000m.sum",0.321807335765306
"KRD_nPoultryWghtDist.3000m.sum7","Cor(28) clust","KRD_nPoultryWghtDist.3000m.sum",-0.000319955768718895,0.00110409231749204,-0.289790775327266,0.771976305428825,"KRD_nPoultryWghtDist.3000m.sum",0.961103754327798
"KRD_nPigsWghtDist.3000m.sum7","Cor(28) clust","KRD_nPigsWghtDist.3000m.sum",0.0157736554663629,0.017656799791659,0.893347359231784,0.371671183480774,"KRD_nPigsWghtDist.3000m.sum",0.675812144856991
"ecoli_RF_preds7","Cor(28) clust","ecoli_RF_preds",-0.320361463240418,0.759799518702734,-0.42163946587831,0.673288195105037,"ecoli_RF_preds",0.910361503240614
"staph_RF_preds7","Cor(28) clust","staph_RF_preds",0.0136968311929032,0.405956288699083,0.033739669945244,0.973084744926491,"staph_RF_preds",0.994975655570498
"tetw_RF_preds7","Cor(28) clust","tetw_RF_preds",-0.149318714789127,0.625689952529097,-0.238646496056979,0.811379707961068,"tetw_RF_preds",0.989110501133493
"meca_RF_preds7","Cor(28) clust","meca_RF_preds",-0.38891722548071,0.625885184775891,-0.621387492372054,0.534344699557714,"meca_RF_preds",0.807828207205362
